--
-- PostgreSQL database dump
--

\restrict W6tZaNtTTaXfJVQy9a4ueAwDK0WhJhZ5OMUFMBEpsfGxdZ6UWqjJJTLN01071Sd

-- Dumped from database version 17.9
-- Dumped by pg_dump version 17.9

SET statement_timeout = 0;
SET lock_timeout = 0;
SET idle_in_transaction_session_timeout = 0;
SET transaction_timeout = 0;
SET client_encoding = 'UTF8';
SET standard_conforming_strings = on;
SELECT pg_catalog.set_config('search_path', '', false);
SET check_function_bodies = false;
SET xmloption = content;
SET client_min_messages = warning;
SET row_security = off;

SET default_tablespace = '';

SET default_table_access_method = heap;

--
-- Name: auth_group; Type: TABLE; Schema: public; Owner: postgres
--

CREATE TABLE public.auth_group (
    id integer NOT NULL,
    name character varying(150) NOT NULL
);


ALTER TABLE public.auth_group OWNER TO postgres;

--
-- Name: auth_group_id_seq; Type: SEQUENCE; Schema: public; Owner: postgres
--

ALTER TABLE public.auth_group ALTER COLUMN id ADD GENERATED BY DEFAULT AS IDENTITY (
    SEQUENCE NAME public.auth_group_id_seq
    START WITH 1
    INCREMENT BY 1
    NO MINVALUE
    NO MAXVALUE
    CACHE 1
);


--
-- Name: auth_group_permissions; Type: TABLE; Schema: public; Owner: postgres
--

CREATE TABLE public.auth_group_permissions (
    id bigint NOT NULL,
    group_id integer NOT NULL,
    permission_id integer NOT NULL
);


ALTER TABLE public.auth_group_permissions OWNER TO postgres;

--
-- Name: auth_group_permissions_id_seq; Type: SEQUENCE; Schema: public; Owner: postgres
--

ALTER TABLE public.auth_group_permissions ALTER COLUMN id ADD GENERATED BY DEFAULT AS IDENTITY (
    SEQUENCE NAME public.auth_group_permissions_id_seq
    START WITH 1
    INCREMENT BY 1
    NO MINVALUE
    NO MAXVALUE
    CACHE 1
);


--
-- Name: auth_permission; Type: TABLE; Schema: public; Owner: postgres
--

CREATE TABLE public.auth_permission (
    id integer NOT NULL,
    name character varying(255) NOT NULL,
    content_type_id integer NOT NULL,
    codename character varying(100) NOT NULL
);


ALTER TABLE public.auth_permission OWNER TO postgres;

--
-- Name: auth_permission_id_seq; Type: SEQUENCE; Schema: public; Owner: postgres
--

ALTER TABLE public.auth_permission ALTER COLUMN id ADD GENERATED BY DEFAULT AS IDENTITY (
    SEQUENCE NAME public.auth_permission_id_seq
    START WITH 1
    INCREMENT BY 1
    NO MINVALUE
    NO MAXVALUE
    CACHE 1
);


--
-- Name: auth_user; Type: TABLE; Schema: public; Owner: postgres
--

CREATE TABLE public.auth_user (
    id integer NOT NULL,
    password character varying(128) NOT NULL,
    last_login timestamp with time zone,
    is_superuser boolean NOT NULL,
    username character varying(150) NOT NULL,
    first_name character varying(150) NOT NULL,
    last_name character varying(150) NOT NULL,
    email character varying(254) NOT NULL,
    is_staff boolean NOT NULL,
    is_active boolean NOT NULL,
    date_joined timestamp with time zone NOT NULL
);


ALTER TABLE public.auth_user OWNER TO postgres;

--
-- Name: auth_user_groups; Type: TABLE; Schema: public; Owner: postgres
--

CREATE TABLE public.auth_user_groups (
    id bigint NOT NULL,
    user_id integer NOT NULL,
    group_id integer NOT NULL
);


ALTER TABLE public.auth_user_groups OWNER TO postgres;

--
-- Name: auth_user_groups_id_seq; Type: SEQUENCE; Schema: public; Owner: postgres
--

ALTER TABLE public.auth_user_groups ALTER COLUMN id ADD GENERATED BY DEFAULT AS IDENTITY (
    SEQUENCE NAME public.auth_user_groups_id_seq
    START WITH 1
    INCREMENT BY 1
    NO MINVALUE
    NO MAXVALUE
    CACHE 1
);


--
-- Name: auth_user_id_seq; Type: SEQUENCE; Schema: public; Owner: postgres
--

ALTER TABLE public.auth_user ALTER COLUMN id ADD GENERATED BY DEFAULT AS IDENTITY (
    SEQUENCE NAME public.auth_user_id_seq
    START WITH 1
    INCREMENT BY 1
    NO MINVALUE
    NO MAXVALUE
    CACHE 1
);


--
-- Name: auth_user_user_permissions; Type: TABLE; Schema: public; Owner: postgres
--

CREATE TABLE public.auth_user_user_permissions (
    id bigint NOT NULL,
    user_id integer NOT NULL,
    permission_id integer NOT NULL
);


ALTER TABLE public.auth_user_user_permissions OWNER TO postgres;

--
-- Name: auth_user_user_permissions_id_seq; Type: SEQUENCE; Schema: public; Owner: postgres
--

ALTER TABLE public.auth_user_user_permissions ALTER COLUMN id ADD GENERATED BY DEFAULT AS IDENTITY (
    SEQUENCE NAME public.auth_user_user_permissions_id_seq
    START WITH 1
    INCREMENT BY 1
    NO MINVALUE
    NO MAXVALUE
    CACHE 1
);


--
-- Name: core_auditlog; Type: TABLE; Schema: public; Owner: postgres
--

CREATE TABLE public.core_auditlog (
    id bigint NOT NULL,
    action character varying(100) NOT NULL,
    table_name character varying(50) NOT NULL,
    "timestamp" timestamp with time zone NOT NULL,
    employee_id bigint
);


ALTER TABLE public.core_auditlog OWNER TO postgres;

--
-- Name: core_auditlog_id_seq; Type: SEQUENCE; Schema: public; Owner: postgres
--

ALTER TABLE public.core_auditlog ALTER COLUMN id ADD GENERATED BY DEFAULT AS IDENTITY (
    SEQUENCE NAME public.core_auditlog_id_seq
    START WITH 1
    INCREMENT BY 1
    NO MINVALUE
    NO MAXVALUE
    CACHE 1
);


--
-- Name: core_brigade; Type: TABLE; Schema: public; Owner: postgres
--

CREATE TABLE public.core_brigade (
    id bigint NOT NULL,
    name character varying(50) NOT NULL,
    specialization character varying(100) NOT NULL,
    company_id bigint NOT NULL
);


ALTER TABLE public.core_brigade OWNER TO postgres;

--
-- Name: core_brigade_id_seq; Type: SEQUENCE; Schema: public; Owner: postgres
--

ALTER TABLE public.core_brigade ALTER COLUMN id ADD GENERATED BY DEFAULT AS IDENTITY (
    SEQUENCE NAME public.core_brigade_id_seq
    START WITH 1
    INCREMENT BY 1
    NO MINVALUE
    NO MAXVALUE
    CACHE 1
);


--
-- Name: core_client; Type: TABLE; Schema: public; Owner: postgres
--

CREATE TABLE public.core_client (
    id bigint NOT NULL,
    name character varying(150) NOT NULL,
    tax character varying(12) NOT NULL,
    address character varying(225) NOT NULL
);


ALTER TABLE public.core_client OWNER TO postgres;

--
-- Name: core_client_id_seq; Type: SEQUENCE; Schema: public; Owner: postgres
--

ALTER TABLE public.core_client ALTER COLUMN id ADD GENERATED BY DEFAULT AS IDENTITY (
    SEQUENCE NAME public.core_client_id_seq
    START WITH 1
    INCREMENT BY 1
    NO MINVALUE
    NO MAXVALUE
    CACHE 1
);


--
-- Name: core_company; Type: TABLE; Schema: public; Owner: postgres
--

CREATE TABLE public.core_company (
    id bigint NOT NULL,
    name character varying(150) NOT NULL,
    edrpou character varying(10) NOT NULL,
    address character varying(225),
    director character varying(100)
);


ALTER TABLE public.core_company OWNER TO postgres;

--
-- Name: core_company_id_seq; Type: SEQUENCE; Schema: public; Owner: postgres
--

ALTER TABLE public.core_company ALTER COLUMN id ADD GENERATED BY DEFAULT AS IDENTITY (
    SEQUENCE NAME public.core_company_id_seq
    START WITH 1
    INCREMENT BY 1
    NO MINVALUE
    NO MAXVALUE
    CACHE 1
);


--
-- Name: core_constructionobject; Type: TABLE; Schema: public; Owner: postgres
--

CREATE TABLE public.core_constructionobject (
    id bigint NOT NULL,
    title character varying(200) NOT NULL,
    address character varying(225) NOT NULL,
    area numeric(10,2) NOT NULL,
    client_id bigint NOT NULL,
    company_id bigint NOT NULL
);


ALTER TABLE public.core_constructionobject OWNER TO postgres;

--
-- Name: core_constructionobject_id_seq; Type: SEQUENCE; Schema: public; Owner: postgres
--

ALTER TABLE public.core_constructionobject ALTER COLUMN id ADD GENERATED BY DEFAULT AS IDENTITY (
    SEQUENCE NAME public.core_constructionobject_id_seq
    START WITH 1
    INCREMENT BY 1
    NO MINVALUE
    NO MAXVALUE
    CACHE 1
);


--
-- Name: core_constructionstage; Type: TABLE; Schema: public; Owner: postgres
--

CREATE TABLE public.core_constructionstage (
    id bigint NOT NULL,
    name character varying(100) NOT NULL,
    progress_percent integer NOT NULL,
    construction_object_id bigint NOT NULL
);


ALTER TABLE public.core_constructionstage OWNER TO postgres;

--
-- Name: core_constructionstage_id_seq; Type: SEQUENCE; Schema: public; Owner: postgres
--

ALTER TABLE public.core_constructionstage ALTER COLUMN id ADD GENERATED BY DEFAULT AS IDENTITY (
    SEQUENCE NAME public.core_constructionstage_id_seq
    START WITH 1
    INCREMENT BY 1
    NO MINVALUE
    NO MAXVALUE
    CACHE 1
);


--
-- Name: core_contract; Type: TABLE; Schema: public; Owner: postgres
--

CREATE TABLE public.core_contract (
    id bigint NOT NULL,
    contract_number character varying(50) NOT NULL,
    total_amount numeric(15,2) NOT NULL,
    status character varying(20) NOT NULL,
    client_id bigint NOT NULL,
    construction_object_id bigint NOT NULL
);


ALTER TABLE public.core_contract OWNER TO postgres;

--
-- Name: core_contract_id_seq; Type: SEQUENCE; Schema: public; Owner: postgres
--

ALTER TABLE public.core_contract ALTER COLUMN id ADD GENERATED BY DEFAULT AS IDENTITY (
    SEQUENCE NAME public.core_contract_id_seq
    START WITH 1
    INCREMENT BY 1
    NO MINVALUE
    NO MAXVALUE
    CACHE 1
);


--
-- Name: core_employee; Type: TABLE; Schema: public; Owner: postgres
--

CREATE TABLE public.core_employee (
    id bigint NOT NULL,
    full_name character varying(150) NOT NULL,
    "position" character varying(100) NOT NULL,
    salary numeric(10,2) NOT NULL,
    brigade_id bigint,
    company_id bigint
);


ALTER TABLE public.core_employee OWNER TO postgres;

--
-- Name: core_employee_id_seq; Type: SEQUENCE; Schema: public; Owner: postgres
--

ALTER TABLE public.core_employee ALTER COLUMN id ADD GENERATED BY DEFAULT AS IDENTITY (
    SEQUENCE NAME public.core_employee_id_seq
    START WITH 1
    INCREMENT BY 1
    NO MINVALUE
    NO MAXVALUE
    CACHE 1
);


--
-- Name: core_equipment; Type: TABLE; Schema: public; Owner: postgres
--

CREATE TABLE public.core_equipment (
    id bigint NOT NULL,
    name character varying(100) NOT NULL,
    type character varying(50) NOT NULL,
    serial_number character varying(50) NOT NULL,
    company_id bigint NOT NULL
);


ALTER TABLE public.core_equipment OWNER TO postgres;

--
-- Name: core_equipment_id_seq; Type: SEQUENCE; Schema: public; Owner: postgres
--

ALTER TABLE public.core_equipment ALTER COLUMN id ADD GENERATED BY DEFAULT AS IDENTITY (
    SEQUENCE NAME public.core_equipment_id_seq
    START WITH 1
    INCREMENT BY 1
    NO MINVALUE
    NO MAXVALUE
    CACHE 1
);


--
-- Name: core_material; Type: TABLE; Schema: public; Owner: postgres
--

CREATE TABLE public.core_material (
    id bigint NOT NULL,
    name character varying(100) NOT NULL,
    unit character varying(10) NOT NULL,
    price_per_unit numeric(10,2) NOT NULL,
    stock_quantity numeric(10,2) NOT NULL
);


ALTER TABLE public.core_material OWNER TO postgres;

--
-- Name: core_material_id_seq; Type: SEQUENCE; Schema: public; Owner: postgres
--

ALTER TABLE public.core_material ALTER COLUMN id ADD GENERATED BY DEFAULT AS IDENTITY (
    SEQUENCE NAME public.core_material_id_seq
    START WITH 1
    INCREMENT BY 1
    NO MINVALUE
    NO MAXVALUE
    CACHE 1
);


--
-- Name: core_materialusage; Type: TABLE; Schema: public; Owner: postgres
--

CREATE TABLE public.core_materialusage (
    id bigint NOT NULL,
    quantity numeric(10,2) NOT NULL,
    date_used date NOT NULL,
    construction_object_id bigint NOT NULL,
    material_id bigint NOT NULL
);


ALTER TABLE public.core_materialusage OWNER TO postgres;

--
-- Name: core_materialusage_id_seq; Type: SEQUENCE; Schema: public; Owner: postgres
--

ALTER TABLE public.core_materialusage ALTER COLUMN id ADD GENERATED BY DEFAULT AS IDENTITY (
    SEQUENCE NAME public.core_materialusage_id_seq
    START WITH 1
    INCREMENT BY 1
    NO MINVALUE
    NO MAXVALUE
    CACHE 1
);


--
-- Name: core_payment; Type: TABLE; Schema: public; Owner: postgres
--

CREATE TABLE public.core_payment (
    id bigint NOT NULL,
    payment_type character varying(3) NOT NULL,
    amount numeric(15,2) NOT NULL,
    payment_date date NOT NULL,
    contract_id bigint NOT NULL
);


ALTER TABLE public.core_payment OWNER TO postgres;

--
-- Name: core_payment_id_seq; Type: SEQUENCE; Schema: public; Owner: postgres
--

ALTER TABLE public.core_payment ALTER COLUMN id ADD GENERATED BY DEFAULT AS IDENTITY (
    SEQUENCE NAME public.core_payment_id_seq
    START WITH 1
    INCREMENT BY 1
    NO MINVALUE
    NO MAXVALUE
    CACHE 1
);


--
-- Name: django_admin_log; Type: TABLE; Schema: public; Owner: postgres
--

CREATE TABLE public.django_admin_log (
    id integer NOT NULL,
    action_time timestamp with time zone NOT NULL,
    object_id text,
    object_repr character varying(200) NOT NULL,
    action_flag smallint NOT NULL,
    change_message text NOT NULL,
    content_type_id integer,
    user_id integer NOT NULL,
    CONSTRAINT django_admin_log_action_flag_check CHECK ((action_flag >= 0))
);


ALTER TABLE public.django_admin_log OWNER TO postgres;

--
-- Name: django_admin_log_id_seq; Type: SEQUENCE; Schema: public; Owner: postgres
--

ALTER TABLE public.django_admin_log ALTER COLUMN id ADD GENERATED BY DEFAULT AS IDENTITY (
    SEQUENCE NAME public.django_admin_log_id_seq
    START WITH 1
    INCREMENT BY 1
    NO MINVALUE
    NO MAXVALUE
    CACHE 1
);


--
-- Name: django_content_type; Type: TABLE; Schema: public; Owner: postgres
--

CREATE TABLE public.django_content_type (
    id integer NOT NULL,
    app_label character varying(100) NOT NULL,
    model character varying(100) NOT NULL
);


ALTER TABLE public.django_content_type OWNER TO postgres;

--
-- Name: django_content_type_id_seq; Type: SEQUENCE; Schema: public; Owner: postgres
--

ALTER TABLE public.django_content_type ALTER COLUMN id ADD GENERATED BY DEFAULT AS IDENTITY (
    SEQUENCE NAME public.django_content_type_id_seq
    START WITH 1
    INCREMENT BY 1
    NO MINVALUE
    NO MAXVALUE
    CACHE 1
);


--
-- Name: django_migrations; Type: TABLE; Schema: public; Owner: postgres
--

CREATE TABLE public.django_migrations (
    id bigint NOT NULL,
    app character varying(255) NOT NULL,
    name character varying(255) NOT NULL,
    applied timestamp with time zone NOT NULL
);


ALTER TABLE public.django_migrations OWNER TO postgres;

--
-- Name: django_migrations_id_seq; Type: SEQUENCE; Schema: public; Owner: postgres
--

ALTER TABLE public.django_migrations ALTER COLUMN id ADD GENERATED BY DEFAULT AS IDENTITY (
    SEQUENCE NAME public.django_migrations_id_seq
    START WITH 1
    INCREMENT BY 1
    NO MINVALUE
    NO MAXVALUE
    CACHE 1
);


--
-- Name: django_session; Type: TABLE; Schema: public; Owner: postgres
--

CREATE TABLE public.django_session (
    session_key character varying(40) NOT NULL,
    session_data text NOT NULL,
    expire_date timestamp with time zone NOT NULL
);


ALTER TABLE public.django_session OWNER TO postgres;

--
-- Data for Name: auth_group; Type: TABLE DATA; Schema: public; Owner: postgres
--

COPY public.auth_group (id, name) FROM stdin;
1	Менеджер
2	Бухгалтер
3	Читач
\.


--
-- Data for Name: auth_group_permissions; Type: TABLE DATA; Schema: public; Owner: postgres
--

COPY public.auth_group_permissions (id, group_id, permission_id) FROM stdin;
1	1	25
2	1	26
3	1	28
4	1	29
5	1	30
6	1	32
7	1	33
8	1	34
9	1	36
10	1	37
11	1	38
12	1	40
13	1	41
14	1	42
15	1	44
16	1	45
17	1	46
18	1	48
19	1	49
20	1	50
21	1	52
22	1	53
23	1	54
24	1	56
25	1	57
26	1	58
27	1	60
28	1	61
29	1	62
30	1	64
31	1	65
32	1	66
33	1	68
34	1	69
35	1	70
36	1	72
37	2	69
38	2	70
39	2	71
40	2	72
41	2	49
42	2	50
43	2	51
44	2	52
45	2	25
46	2	26
47	2	27
48	2	28
49	3	32
50	3	64
51	3	36
52	3	68
53	3	40
54	3	72
55	3	44
56	3	60
57	3	48
58	3	52
59	3	56
60	3	28
\.


--
-- Data for Name: auth_permission; Type: TABLE DATA; Schema: public; Owner: postgres
--

COPY public.auth_permission (id, name, content_type_id, codename) FROM stdin;
1	Can add log entry	1	add_logentry
2	Can change log entry	1	change_logentry
3	Can delete log entry	1	delete_logentry
4	Can view log entry	1	view_logentry
5	Can add permission	3	add_permission
6	Can change permission	3	change_permission
7	Can delete permission	3	delete_permission
8	Can view permission	3	view_permission
9	Can add group	2	add_group
10	Can change group	2	change_group
11	Can delete group	2	delete_group
12	Can view group	2	view_group
13	Can add user	4	add_user
14	Can change user	4	change_user
15	Can delete user	4	delete_user
16	Can view user	4	view_user
17	Can add content type	5	add_contenttype
18	Can change content type	5	change_contenttype
19	Can delete content type	5	delete_contenttype
20	Can view content type	5	view_contenttype
21	Can add session	6	add_session
22	Can change session	6	change_session
23	Can delete session	6	delete_session
24	Can view session	6	view_session
25	Can add client	9	add_client
26	Can change client	9	change_client
27	Can delete client	9	delete_client
28	Can view client	9	view_client
29	Can add company	10	add_company
30	Can change company	10	change_company
31	Can delete company	10	delete_company
32	Can view company	10	view_company
33	Can add material	16	add_material
34	Can change material	16	change_material
35	Can delete material	16	delete_material
36	Can view material	16	view_material
37	Can add brigade	8	add_brigade
38	Can change brigade	8	change_brigade
39	Can delete brigade	8	delete_brigade
40	Can view brigade	8	view_brigade
41	Can add construction object	11	add_constructionobject
42	Can change construction object	11	change_constructionobject
43	Can delete construction object	11	delete_constructionobject
44	Can view construction object	11	view_constructionobject
45	Can add construction stage	12	add_constructionstage
46	Can change construction stage	12	change_constructionstage
47	Can delete construction stage	12	delete_constructionstage
48	Can view construction stage	12	view_constructionstage
49	Can add contract	13	add_contract
50	Can change contract	13	change_contract
51	Can delete contract	13	delete_contract
52	Can view contract	13	view_contract
53	Can add employee	14	add_employee
54	Can change employee	14	change_employee
55	Can delete employee	14	delete_employee
56	Can view employee	14	view_employee
57	Can add audit log	7	add_auditlog
58	Can change audit log	7	change_auditlog
59	Can delete audit log	7	delete_auditlog
60	Can view audit log	7	view_auditlog
61	Can add equipment	15	add_equipment
62	Can change equipment	15	change_equipment
63	Can delete equipment	15	delete_equipment
64	Can view equipment	15	view_equipment
65	Can add material usage	17	add_materialusage
66	Can change material usage	17	change_materialusage
67	Can delete material usage	17	delete_materialusage
68	Can view material usage	17	view_materialusage
69	Can add payment	18	add_payment
70	Can change payment	18	change_payment
71	Can delete payment	18	delete_payment
72	Can view payment	18	view_payment
\.


--
-- Data for Name: auth_user; Type: TABLE DATA; Schema: public; Owner: postgres
--

COPY public.auth_user (id, password, last_login, is_superuser, username, first_name, last_name, email, is_staff, is_active, date_joined) FROM stdin;
1	pbkdf2_sha256$1200000$JTDTzTjvCR5zfU2BcmwQOT$6hbfhZ4B5NwwUF4DsV4/I3VgsyyZGbY7p7KDcUjvFjY=	2026-04-07 13:35:43.882672+03	t	admin				t	t	2026-04-07 13:35:27.04541+03
\.


--
-- Data for Name: auth_user_groups; Type: TABLE DATA; Schema: public; Owner: postgres
--

COPY public.auth_user_groups (id, user_id, group_id) FROM stdin;
\.


--
-- Data for Name: auth_user_user_permissions; Type: TABLE DATA; Schema: public; Owner: postgres
--

COPY public.auth_user_user_permissions (id, user_id, permission_id) FROM stdin;
\.


--
-- Data for Name: core_auditlog; Type: TABLE DATA; Schema: public; Owner: postgres
--

COPY public.core_auditlog (id, action, table_name, "timestamp", employee_id) FROM stdin;
\.


--
-- Data for Name: core_brigade; Type: TABLE DATA; Schema: public; Owner: postgres
--

COPY public.core_brigade (id, name, specialization, company_id) FROM stdin;
\.


--
-- Data for Name: core_client; Type: TABLE DATA; Schema: public; Owner: postgres
--

COPY public.core_client (id, name, tax, address) FROM stdin;
\.


--
-- Data for Name: core_company; Type: TABLE DATA; Schema: public; Owner: postgres
--

COPY public.core_company (id, name, edrpou, address, director) FROM stdin;
\.


--
-- Data for Name: core_constructionobject; Type: TABLE DATA; Schema: public; Owner: postgres
--

COPY public.core_constructionobject (id, title, address, area, client_id, company_id) FROM stdin;
\.


--
-- Data for Name: core_constructionstage; Type: TABLE DATA; Schema: public; Owner: postgres
--

COPY public.core_constructionstage (id, name, progress_percent, construction_object_id) FROM stdin;
\.


--
-- Data for Name: core_contract; Type: TABLE DATA; Schema: public; Owner: postgres
--

COPY public.core_contract (id, contract_number, total_amount, status, client_id, construction_object_id) FROM stdin;
\.


--
-- Data for Name: core_employee; Type: TABLE DATA; Schema: public; Owner: postgres
--

COPY public.core_employee (id, full_name, "position", salary, brigade_id, company_id) FROM stdin;
\.


--
-- Data for Name: core_equipment; Type: TABLE DATA; Schema: public; Owner: postgres
--

COPY public.core_equipment (id, name, type, serial_number, company_id) FROM stdin;
\.


--
-- Data for Name: core_material; Type: TABLE DATA; Schema: public; Owner: postgres
--

COPY public.core_material (id, name, unit, price_per_unit, stock_quantity) FROM stdin;
\.


--
-- Data for Name: core_materialusage; Type: TABLE DATA; Schema: public; Owner: postgres
--

COPY public.core_materialusage (id, quantity, date_used, construction_object_id, material_id) FROM stdin;
\.


--
-- Data for Name: core_payment; Type: TABLE DATA; Schema: public; Owner: postgres
--

COPY public.core_payment (id, payment_type, amount, payment_date, contract_id) FROM stdin;
\.


--
-- Data for Name: django_admin_log; Type: TABLE DATA; Schema: public; Owner: postgres
--

COPY public.django_admin_log (id, action_time, object_id, object_repr, action_flag, change_message, content_type_id, user_id) FROM stdin;
\.


--
-- Data for Name: django_content_type; Type: TABLE DATA; Schema: public; Owner: postgres
--

COPY public.django_content_type (id, app_label, model) FROM stdin;
1	admin	logentry
2	auth	group
3	auth	permission
4	auth	user
5	contenttypes	contenttype
6	sessions	session
7	core	auditlog
8	core	brigade
9	core	client
10	core	company
11	core	constructionobject
12	core	constructionstage
13	core	contract
14	core	employee
15	core	equipment
16	core	material
17	core	materialusage
18	core	payment
\.


--
-- Data for Name: django_migrations; Type: TABLE DATA; Schema: public; Owner: postgres
--

COPY public.django_migrations (id, app, name, applied) FROM stdin;
1	contenttypes	0001_initial	2026-04-07 13:33:46.755348+03
2	auth	0001_initial	2026-04-07 13:33:46.794525+03
3	admin	0001_initial	2026-04-07 13:33:46.808682+03
4	admin	0002_logentry_remove_auto_add	2026-04-07 13:33:46.812361+03
5	admin	0003_logentry_add_action_flag_choices	2026-04-07 13:33:46.816077+03
6	contenttypes	0002_remove_content_type_name	2026-04-07 13:33:46.824308+03
7	auth	0002_alter_permission_name_max_length	2026-04-07 13:33:46.828226+03
8	auth	0003_alter_user_email_max_length	2026-04-07 13:33:46.832643+03
9	auth	0004_alter_user_username_opts	2026-04-07 13:33:46.835968+03
10	auth	0005_alter_user_last_login_null	2026-04-07 13:33:46.839796+03
11	auth	0006_require_contenttypes_0002	2026-04-07 13:33:46.84039+03
12	auth	0007_alter_validators_add_error_messages	2026-04-07 13:33:46.845092+03
13	auth	0008_alter_user_username_max_length	2026-04-07 13:33:46.855132+03
14	auth	0009_alter_user_last_name_max_length	2026-04-07 13:33:46.861143+03
15	auth	0010_alter_group_name_max_length	2026-04-07 13:33:46.868608+03
16	auth	0011_update_proxy_permissions	2026-04-07 13:33:46.873696+03
17	auth	0012_alter_user_first_name_max_length	2026-04-07 13:33:46.878349+03
18	core	0001_initial	2026-04-07 13:33:46.962857+03
19	sessions	0001_initial	2026-04-07 13:33:46.969275+03
\.


--
-- Data for Name: django_session; Type: TABLE DATA; Schema: public; Owner: postgres
--

COPY public.django_session (session_key, session_data, expire_date) FROM stdin;
2x5l8vxikcz7s4duhxpajfz4ftjsw89g	.eJxVjDsOwjAQRO_iGln4b1PScwZrd23jALKlOKkQdyeRUkAxzbw382YR1qXGdeQ5ToldmGCn3w6BnrntID2g3Tun3pZ5Qr4r_KCD33rKr-vh_h1UGHVbk5NK5ORl8M44lLjF6uLReVOsghwsGdQAxhfwZ4uWpKCigjNWGanZ5wvWcDdc:1wA3mZ:e9-CK525621Gy5kMbFGFxqof5IYiTPDcFHv7dlUeoag	2026-04-21 13:35:43.883622+03
\.


--
-- Name: auth_group_id_seq; Type: SEQUENCE SET; Schema: public; Owner: postgres
--

SELECT pg_catalog.setval('public.auth_group_id_seq', 3, true);


--
-- Name: auth_group_permissions_id_seq; Type: SEQUENCE SET; Schema: public; Owner: postgres
--

SELECT pg_catalog.setval('public.auth_group_permissions_id_seq', 60, true);


--
-- Name: auth_permission_id_seq; Type: SEQUENCE SET; Schema: public; Owner: postgres
--

SELECT pg_catalog.setval('public.auth_permission_id_seq', 72, true);


--
-- Name: auth_user_groups_id_seq; Type: SEQUENCE SET; Schema: public; Owner: postgres
--

SELECT pg_catalog.setval('public.auth_user_groups_id_seq', 1, false);


--
-- Name: auth_user_id_seq; Type: SEQUENCE SET; Schema: public; Owner: postgres
--

SELECT pg_catalog.setval('public.auth_user_id_seq', 1, true);


--
-- Name: auth_user_user_permissions_id_seq; Type: SEQUENCE SET; Schema: public; Owner: postgres
--

SELECT pg_catalog.setval('public.auth_user_user_permissions_id_seq', 1, false);


--
-- Name: core_auditlog_id_seq; Type: SEQUENCE SET; Schema: public; Owner: postgres
--

SELECT pg_catalog.setval('public.core_auditlog_id_seq', 1, false);


--
-- Name: core_brigade_id_seq; Type: SEQUENCE SET; Schema: public; Owner: postgres
--

SELECT pg_catalog.setval('public.core_brigade_id_seq', 1, false);


--
-- Name: core_client_id_seq; Type: SEQUENCE SET; Schema: public; Owner: postgres
--

SELECT pg_catalog.setval('public.core_client_id_seq', 1, false);


--
-- Name: core_company_id_seq; Type: SEQUENCE SET; Schema: public; Owner: postgres
--

SELECT pg_catalog.setval('public.core_company_id_seq', 1, false);


--
-- Name: core_constructionobject_id_seq; Type: SEQUENCE SET; Schema: public; Owner: postgres
--

SELECT pg_catalog.setval('public.core_constructionobject_id_seq', 1, false);


--
-- Name: core_constructionstage_id_seq; Type: SEQUENCE SET; Schema: public; Owner: postgres
--

SELECT pg_catalog.setval('public.core_constructionstage_id_seq', 1, false);


--
-- Name: core_contract_id_seq; Type: SEQUENCE SET; Schema: public; Owner: postgres
--

SELECT pg_catalog.setval('public.core_contract_id_seq', 1, false);


--
-- Name: core_employee_id_seq; Type: SEQUENCE SET; Schema: public; Owner: postgres
--

SELECT pg_catalog.setval('public.core_employee_id_seq', 1, false);


--
-- Name: core_equipment_id_seq; Type: SEQUENCE SET; Schema: public; Owner: postgres
--

SELECT pg_catalog.setval('public.core_equipment_id_seq', 1, false);


--
-- Name: core_material_id_seq; Type: SEQUENCE SET; Schema: public; Owner: postgres
--

SELECT pg_catalog.setval('public.core_material_id_seq', 1, false);


--
-- Name: core_materialusage_id_seq; Type: SEQUENCE SET; Schema: public; Owner: postgres
--

SELECT pg_catalog.setval('public.core_materialusage_id_seq', 1, false);


--
-- Name: core_payment_id_seq; Type: SEQUENCE SET; Schema: public; Owner: postgres
--

SELECT pg_catalog.setval('public.core_payment_id_seq', 1, false);


--
-- Name: django_admin_log_id_seq; Type: SEQUENCE SET; Schema: public; Owner: postgres
--

SELECT pg_catalog.setval('public.django_admin_log_id_seq', 1, false);


--
-- Name: django_content_type_id_seq; Type: SEQUENCE SET; Schema: public; Owner: postgres
--

SELECT pg_catalog.setval('public.django_content_type_id_seq', 18, true);


--
-- Name: django_migrations_id_seq; Type: SEQUENCE SET; Schema: public; Owner: postgres
--

SELECT pg_catalog.setval('public.django_migrations_id_seq', 19, true);


--
-- Name: auth_group auth_group_name_key; Type: CONSTRAINT; Schema: public; Owner: postgres
--

ALTER TABLE ONLY public.auth_group
    ADD CONSTRAINT auth_group_name_key UNIQUE (name);


--
-- Name: auth_group_permissions auth_group_permissions_group_id_permission_id_0cd325b0_uniq; Type: CONSTRAINT; Schema: public; Owner: postgres
--

ALTER TABLE ONLY public.auth_group_permissions
    ADD CONSTRAINT auth_group_permissions_group_id_permission_id_0cd325b0_uniq UNIQUE (group_id, permission_id);


--
-- Name: auth_group_permissions auth_group_permissions_pkey; Type: CONSTRAINT; Schema: public; Owner: postgres
--

ALTER TABLE ONLY public.auth_group_permissions
    ADD CONSTRAINT auth_group_permissions_pkey PRIMARY KEY (id);


--
-- Name: auth_group auth_group_pkey; Type: CONSTRAINT; Schema: public; Owner: postgres
--

ALTER TABLE ONLY public.auth_group
    ADD CONSTRAINT auth_group_pkey PRIMARY KEY (id);


--
-- Name: auth_permission auth_permission_content_type_id_codename_01ab375a_uniq; Type: CONSTRAINT; Schema: public; Owner: postgres
--

ALTER TABLE ONLY public.auth_permission
    ADD CONSTRAINT auth_permission_content_type_id_codename_01ab375a_uniq UNIQUE (content_type_id, codename);


--
-- Name: auth_permission auth_permission_pkey; Type: CONSTRAINT; Schema: public; Owner: postgres
--

ALTER TABLE ONLY public.auth_permission
    ADD CONSTRAINT auth_permission_pkey PRIMARY KEY (id);


--
-- Name: auth_user_groups auth_user_groups_pkey; Type: CONSTRAINT; Schema: public; Owner: postgres
--

ALTER TABLE ONLY public.auth_user_groups
    ADD CONSTRAINT auth_user_groups_pkey PRIMARY KEY (id);


--
-- Name: auth_user_groups auth_user_groups_user_id_group_id_94350c0c_uniq; Type: CONSTRAINT; Schema: public; Owner: postgres
--

ALTER TABLE ONLY public.auth_user_groups
    ADD CONSTRAINT auth_user_groups_user_id_group_id_94350c0c_uniq UNIQUE (user_id, group_id);


--
-- Name: auth_user auth_user_pkey; Type: CONSTRAINT; Schema: public; Owner: postgres
--

ALTER TABLE ONLY public.auth_user
    ADD CONSTRAINT auth_user_pkey PRIMARY KEY (id);


--
-- Name: auth_user_user_permissions auth_user_user_permissions_pkey; Type: CONSTRAINT; Schema: public; Owner: postgres
--

ALTER TABLE ONLY public.auth_user_user_permissions
    ADD CONSTRAINT auth_user_user_permissions_pkey PRIMARY KEY (id);


--
-- Name: auth_user_user_permissions auth_user_user_permissions_user_id_permission_id_14a6b632_uniq; Type: CONSTRAINT; Schema: public; Owner: postgres
--

ALTER TABLE ONLY public.auth_user_user_permissions
    ADD CONSTRAINT auth_user_user_permissions_user_id_permission_id_14a6b632_uniq UNIQUE (user_id, permission_id);


--
-- Name: auth_user auth_user_username_key; Type: CONSTRAINT; Schema: public; Owner: postgres
--

ALTER TABLE ONLY public.auth_user
    ADD CONSTRAINT auth_user_username_key UNIQUE (username);


--
-- Name: core_auditlog core_auditlog_pkey; Type: CONSTRAINT; Schema: public; Owner: postgres
--

ALTER TABLE ONLY public.core_auditlog
    ADD CONSTRAINT core_auditlog_pkey PRIMARY KEY (id);


--
-- Name: core_brigade core_brigade_pkey; Type: CONSTRAINT; Schema: public; Owner: postgres
--

ALTER TABLE ONLY public.core_brigade
    ADD CONSTRAINT core_brigade_pkey PRIMARY KEY (id);


--
-- Name: core_client core_client_pkey; Type: CONSTRAINT; Schema: public; Owner: postgres
--

ALTER TABLE ONLY public.core_client
    ADD CONSTRAINT core_client_pkey PRIMARY KEY (id);


--
-- Name: core_client core_client_tax_key; Type: CONSTRAINT; Schema: public; Owner: postgres
--

ALTER TABLE ONLY public.core_client
    ADD CONSTRAINT core_client_tax_key UNIQUE (tax);


--
-- Name: core_company core_company_edrpou_key; Type: CONSTRAINT; Schema: public; Owner: postgres
--

ALTER TABLE ONLY public.core_company
    ADD CONSTRAINT core_company_edrpou_key UNIQUE (edrpou);


--
-- Name: core_company core_company_pkey; Type: CONSTRAINT; Schema: public; Owner: postgres
--

ALTER TABLE ONLY public.core_company
    ADD CONSTRAINT core_company_pkey PRIMARY KEY (id);


--
-- Name: core_constructionobject core_constructionobject_pkey; Type: CONSTRAINT; Schema: public; Owner: postgres
--

ALTER TABLE ONLY public.core_constructionobject
    ADD CONSTRAINT core_constructionobject_pkey PRIMARY KEY (id);


--
-- Name: core_constructionstage core_constructionstage_pkey; Type: CONSTRAINT; Schema: public; Owner: postgres
--

ALTER TABLE ONLY public.core_constructionstage
    ADD CONSTRAINT core_constructionstage_pkey PRIMARY KEY (id);


--
-- Name: core_contract core_contract_contract_number_key; Type: CONSTRAINT; Schema: public; Owner: postgres
--

ALTER TABLE ONLY public.core_contract
    ADD CONSTRAINT core_contract_contract_number_key UNIQUE (contract_number);


--
-- Name: core_contract core_contract_pkey; Type: CONSTRAINT; Schema: public; Owner: postgres
--

ALTER TABLE ONLY public.core_contract
    ADD CONSTRAINT core_contract_pkey PRIMARY KEY (id);


--
-- Name: core_employee core_employee_pkey; Type: CONSTRAINT; Schema: public; Owner: postgres
--

ALTER TABLE ONLY public.core_employee
    ADD CONSTRAINT core_employee_pkey PRIMARY KEY (id);


--
-- Name: core_equipment core_equipment_pkey; Type: CONSTRAINT; Schema: public; Owner: postgres
--

ALTER TABLE ONLY public.core_equipment
    ADD CONSTRAINT core_equipment_pkey PRIMARY KEY (id);


--
-- Name: core_equipment core_equipment_serial_number_key; Type: CONSTRAINT; Schema: public; Owner: postgres
--

ALTER TABLE ONLY public.core_equipment
    ADD CONSTRAINT core_equipment_serial_number_key UNIQUE (serial_number);


--
-- Name: core_material core_material_pkey; Type: CONSTRAINT; Schema: public; Owner: postgres
--

ALTER TABLE ONLY public.core_material
    ADD CONSTRAINT core_material_pkey PRIMARY KEY (id);


--
-- Name: core_materialusage core_materialusage_pkey; Type: CONSTRAINT; Schema: public; Owner: postgres
--

ALTER TABLE ONLY public.core_materialusage
    ADD CONSTRAINT core_materialusage_pkey PRIMARY KEY (id);


--
-- Name: core_payment core_payment_pkey; Type: CONSTRAINT; Schema: public; Owner: postgres
--

ALTER TABLE ONLY public.core_payment
    ADD CONSTRAINT core_payment_pkey PRIMARY KEY (id);


--
-- Name: django_admin_log django_admin_log_pkey; Type: CONSTRAINT; Schema: public; Owner: postgres
--

ALTER TABLE ONLY public.django_admin_log
    ADD CONSTRAINT django_admin_log_pkey PRIMARY KEY (id);


--
-- Name: django_content_type django_content_type_app_label_model_76bd3d3b_uniq; Type: CONSTRAINT; Schema: public; Owner: postgres
--

ALTER TABLE ONLY public.django_content_type
    ADD CONSTRAINT django_content_type_app_label_model_76bd3d3b_uniq UNIQUE (app_label, model);


--
-- Name: django_content_type django_content_type_pkey; Type: CONSTRAINT; Schema: public; Owner: postgres
--

ALTER TABLE ONLY public.django_content_type
    ADD CONSTRAINT django_content_type_pkey PRIMARY KEY (id);


--
-- Name: django_migrations django_migrations_pkey; Type: CONSTRAINT; Schema: public; Owner: postgres
--

ALTER TABLE ONLY public.django_migrations
    ADD CONSTRAINT django_migrations_pkey PRIMARY KEY (id);


--
-- Name: django_session django_session_pkey; Type: CONSTRAINT; Schema: public; Owner: postgres
--

ALTER TABLE ONLY public.django_session
    ADD CONSTRAINT django_session_pkey PRIMARY KEY (session_key);


--
-- Name: auth_group_name_a6ea08ec_like; Type: INDEX; Schema: public; Owner: postgres
--

CREATE INDEX auth_group_name_a6ea08ec_like ON public.auth_group USING btree (name varchar_pattern_ops);


--
-- Name: auth_group_permissions_group_id_b120cbf9; Type: INDEX; Schema: public; Owner: postgres
--

CREATE INDEX auth_group_permissions_group_id_b120cbf9 ON public.auth_group_permissions USING btree (group_id);


--
-- Name: auth_group_permissions_permission_id_84c5c92e; Type: INDEX; Schema: public; Owner: postgres
--

CREATE INDEX auth_group_permissions_permission_id_84c5c92e ON public.auth_group_permissions USING btree (permission_id);


--
-- Name: auth_permission_content_type_id_2f476e4b; Type: INDEX; Schema: public; Owner: postgres
--

CREATE INDEX auth_permission_content_type_id_2f476e4b ON public.auth_permission USING btree (content_type_id);


--
-- Name: auth_user_groups_group_id_97559544; Type: INDEX; Schema: public; Owner: postgres
--

CREATE INDEX auth_user_groups_group_id_97559544 ON public.auth_user_groups USING btree (group_id);


--
-- Name: auth_user_groups_user_id_6a12ed8b; Type: INDEX; Schema: public; Owner: postgres
--

CREATE INDEX auth_user_groups_user_id_6a12ed8b ON public.auth_user_groups USING btree (user_id);


--
-- Name: auth_user_user_permissions_permission_id_1fbb5f2c; Type: INDEX; Schema: public; Owner: postgres
--

CREATE INDEX auth_user_user_permissions_permission_id_1fbb5f2c ON public.auth_user_user_permissions USING btree (permission_id);


--
-- Name: auth_user_user_permissions_user_id_a95ead1b; Type: INDEX; Schema: public; Owner: postgres
--

CREATE INDEX auth_user_user_permissions_user_id_a95ead1b ON public.auth_user_user_permissions USING btree (user_id);


--
-- Name: auth_user_username_6821ab7c_like; Type: INDEX; Schema: public; Owner: postgres
--

CREATE INDEX auth_user_username_6821ab7c_like ON public.auth_user USING btree (username varchar_pattern_ops);


--
-- Name: core_auditlog_employee_id_1a9f8bfe; Type: INDEX; Schema: public; Owner: postgres
--

CREATE INDEX core_auditlog_employee_id_1a9f8bfe ON public.core_auditlog USING btree (employee_id);


--
-- Name: core_brigade_company_id_8200adbb; Type: INDEX; Schema: public; Owner: postgres
--

CREATE INDEX core_brigade_company_id_8200adbb ON public.core_brigade USING btree (company_id);


--
-- Name: core_client_tax_a909f4fa_like; Type: INDEX; Schema: public; Owner: postgres
--

CREATE INDEX core_client_tax_a909f4fa_like ON public.core_client USING btree (tax varchar_pattern_ops);


--
-- Name: core_company_edrpou_23415fc9_like; Type: INDEX; Schema: public; Owner: postgres
--

CREATE INDEX core_company_edrpou_23415fc9_like ON public.core_company USING btree (edrpou varchar_pattern_ops);


--
-- Name: core_constructionobject_client_id_431d6e9e; Type: INDEX; Schema: public; Owner: postgres
--

CREATE INDEX core_constructionobject_client_id_431d6e9e ON public.core_constructionobject USING btree (client_id);


--
-- Name: core_constructionobject_company_id_430a5bae; Type: INDEX; Schema: public; Owner: postgres
--

CREATE INDEX core_constructionobject_company_id_430a5bae ON public.core_constructionobject USING btree (company_id);


--
-- Name: core_constructionstage_construction_object_id_69fd9e3d; Type: INDEX; Schema: public; Owner: postgres
--

CREATE INDEX core_constructionstage_construction_object_id_69fd9e3d ON public.core_constructionstage USING btree (construction_object_id);


--
-- Name: core_contract_client_id_9c2cc304; Type: INDEX; Schema: public; Owner: postgres
--

CREATE INDEX core_contract_client_id_9c2cc304 ON public.core_contract USING btree (client_id);


--
-- Name: core_contract_construction_object_id_b6196da6; Type: INDEX; Schema: public; Owner: postgres
--

CREATE INDEX core_contract_construction_object_id_b6196da6 ON public.core_contract USING btree (construction_object_id);


--
-- Name: core_contract_contract_number_e1b078f6_like; Type: INDEX; Schema: public; Owner: postgres
--

CREATE INDEX core_contract_contract_number_e1b078f6_like ON public.core_contract USING btree (contract_number varchar_pattern_ops);


--
-- Name: core_employee_brigade_id_f0396747; Type: INDEX; Schema: public; Owner: postgres
--

CREATE INDEX core_employee_brigade_id_f0396747 ON public.core_employee USING btree (brigade_id);


--
-- Name: core_employee_company_id_f4c6e72d; Type: INDEX; Schema: public; Owner: postgres
--

CREATE INDEX core_employee_company_id_f4c6e72d ON public.core_employee USING btree (company_id);


--
-- Name: core_equipment_company_id_af3b9428; Type: INDEX; Schema: public; Owner: postgres
--

CREATE INDEX core_equipment_company_id_af3b9428 ON public.core_equipment USING btree (company_id);


--
-- Name: core_equipment_serial_number_45b84606_like; Type: INDEX; Schema: public; Owner: postgres
--

CREATE INDEX core_equipment_serial_number_45b84606_like ON public.core_equipment USING btree (serial_number varchar_pattern_ops);


--
-- Name: core_materialusage_construction_object_id_98fbe441; Type: INDEX; Schema: public; Owner: postgres
--

CREATE INDEX core_materialusage_construction_object_id_98fbe441 ON public.core_materialusage USING btree (construction_object_id);


--
-- Name: core_materialusage_material_id_d5d89859; Type: INDEX; Schema: public; Owner: postgres
--

CREATE INDEX core_materialusage_material_id_d5d89859 ON public.core_materialusage USING btree (material_id);


--
-- Name: core_payment_contract_id_c4b3c11d; Type: INDEX; Schema: public; Owner: postgres
--

CREATE INDEX core_payment_contract_id_c4b3c11d ON public.core_payment USING btree (contract_id);


--
-- Name: django_admin_log_content_type_id_c4bce8eb; Type: INDEX; Schema: public; Owner: postgres
--

CREATE INDEX django_admin_log_content_type_id_c4bce8eb ON public.django_admin_log USING btree (content_type_id);


--
-- Name: django_admin_log_user_id_c564eba6; Type: INDEX; Schema: public; Owner: postgres
--

CREATE INDEX django_admin_log_user_id_c564eba6 ON public.django_admin_log USING btree (user_id);


--
-- Name: django_session_expire_date_a5c62663; Type: INDEX; Schema: public; Owner: postgres
--

CREATE INDEX django_session_expire_date_a5c62663 ON public.django_session USING btree (expire_date);


--
-- Name: django_session_session_key_c0390e0f_like; Type: INDEX; Schema: public; Owner: postgres
--

CREATE INDEX django_session_session_key_c0390e0f_like ON public.django_session USING btree (session_key varchar_pattern_ops);


--
-- Name: auth_group_permissions auth_group_permissio_permission_id_84c5c92e_fk_auth_perm; Type: FK CONSTRAINT; Schema: public; Owner: postgres
--

ALTER TABLE ONLY public.auth_group_permissions
    ADD CONSTRAINT auth_group_permissio_permission_id_84c5c92e_fk_auth_perm FOREIGN KEY (permission_id) REFERENCES public.auth_permission(id) DEFERRABLE INITIALLY DEFERRED;


--
-- Name: auth_group_permissions auth_group_permissions_group_id_b120cbf9_fk_auth_group_id; Type: FK CONSTRAINT; Schema: public; Owner: postgres
--

ALTER TABLE ONLY public.auth_group_permissions
    ADD CONSTRAINT auth_group_permissions_group_id_b120cbf9_fk_auth_group_id FOREIGN KEY (group_id) REFERENCES public.auth_group(id) DEFERRABLE INITIALLY DEFERRED;


--
-- Name: auth_permission auth_permission_content_type_id_2f476e4b_fk_django_co; Type: FK CONSTRAINT; Schema: public; Owner: postgres
--

ALTER TABLE ONLY public.auth_permission
    ADD CONSTRAINT auth_permission_content_type_id_2f476e4b_fk_django_co FOREIGN KEY (content_type_id) REFERENCES public.django_content_type(id) DEFERRABLE INITIALLY DEFERRED;


--
-- Name: auth_user_groups auth_user_groups_group_id_97559544_fk_auth_group_id; Type: FK CONSTRAINT; Schema: public; Owner: postgres
--

ALTER TABLE ONLY public.auth_user_groups
    ADD CONSTRAINT auth_user_groups_group_id_97559544_fk_auth_group_id FOREIGN KEY (group_id) REFERENCES public.auth_group(id) DEFERRABLE INITIALLY DEFERRED;


--
-- Name: auth_user_groups auth_user_groups_user_id_6a12ed8b_fk_auth_user_id; Type: FK CONSTRAINT; Schema: public; Owner: postgres
--

ALTER TABLE ONLY public.auth_user_groups
    ADD CONSTRAINT auth_user_groups_user_id_6a12ed8b_fk_auth_user_id FOREIGN KEY (user_id) REFERENCES public.auth_user(id) DEFERRABLE INITIALLY DEFERRED;


--
-- Name: auth_user_user_permissions auth_user_user_permi_permission_id_1fbb5f2c_fk_auth_perm; Type: FK CONSTRAINT; Schema: public; Owner: postgres
--

ALTER TABLE ONLY public.auth_user_user_permissions
    ADD CONSTRAINT auth_user_user_permi_permission_id_1fbb5f2c_fk_auth_perm FOREIGN KEY (permission_id) REFERENCES public.auth_permission(id) DEFERRABLE INITIALLY DEFERRED;


--
-- Name: auth_user_user_permissions auth_user_user_permissions_user_id_a95ead1b_fk_auth_user_id; Type: FK CONSTRAINT; Schema: public; Owner: postgres
--

ALTER TABLE ONLY public.auth_user_user_permissions
    ADD CONSTRAINT auth_user_user_permissions_user_id_a95ead1b_fk_auth_user_id FOREIGN KEY (user_id) REFERENCES public.auth_user(id) DEFERRABLE INITIALLY DEFERRED;


--
-- Name: core_auditlog core_auditlog_employee_id_1a9f8bfe_fk_core_employee_id; Type: FK CONSTRAINT; Schema: public; Owner: postgres
--

ALTER TABLE ONLY public.core_auditlog
    ADD CONSTRAINT core_auditlog_employee_id_1a9f8bfe_fk_core_employee_id FOREIGN KEY (employee_id) REFERENCES public.core_employee(id) DEFERRABLE INITIALLY DEFERRED;


--
-- Name: core_brigade core_brigade_company_id_8200adbb_fk_core_company_id; Type: FK CONSTRAINT; Schema: public; Owner: postgres
--

ALTER TABLE ONLY public.core_brigade
    ADD CONSTRAINT core_brigade_company_id_8200adbb_fk_core_company_id FOREIGN KEY (company_id) REFERENCES public.core_company(id) DEFERRABLE INITIALLY DEFERRED;


--
-- Name: core_constructionobject core_constructionobject_client_id_431d6e9e_fk_core_client_id; Type: FK CONSTRAINT; Schema: public; Owner: postgres
--

ALTER TABLE ONLY public.core_constructionobject
    ADD CONSTRAINT core_constructionobject_client_id_431d6e9e_fk_core_client_id FOREIGN KEY (client_id) REFERENCES public.core_client(id) DEFERRABLE INITIALLY DEFERRED;


--
-- Name: core_constructionobject core_constructionobject_company_id_430a5bae_fk_core_company_id; Type: FK CONSTRAINT; Schema: public; Owner: postgres
--

ALTER TABLE ONLY public.core_constructionobject
    ADD CONSTRAINT core_constructionobject_company_id_430a5bae_fk_core_company_id FOREIGN KEY (company_id) REFERENCES public.core_company(id) DEFERRABLE INITIALLY DEFERRED;


--
-- Name: core_constructionstage core_constructionsta_construction_object__69fd9e3d_fk_core_cons; Type: FK CONSTRAINT; Schema: public; Owner: postgres
--

ALTER TABLE ONLY public.core_constructionstage
    ADD CONSTRAINT core_constructionsta_construction_object__69fd9e3d_fk_core_cons FOREIGN KEY (construction_object_id) REFERENCES public.core_constructionobject(id) DEFERRABLE INITIALLY DEFERRED;


--
-- Name: core_contract core_contract_client_id_9c2cc304_fk_core_client_id; Type: FK CONSTRAINT; Schema: public; Owner: postgres
--

ALTER TABLE ONLY public.core_contract
    ADD CONSTRAINT core_contract_client_id_9c2cc304_fk_core_client_id FOREIGN KEY (client_id) REFERENCES public.core_client(id) DEFERRABLE INITIALLY DEFERRED;


--
-- Name: core_contract core_contract_construction_object__b6196da6_fk_core_cons; Type: FK CONSTRAINT; Schema: public; Owner: postgres
--

ALTER TABLE ONLY public.core_contract
    ADD CONSTRAINT core_contract_construction_object__b6196da6_fk_core_cons FOREIGN KEY (construction_object_id) REFERENCES public.core_constructionobject(id) DEFERRABLE INITIALLY DEFERRED;


--
-- Name: core_employee core_employee_brigade_id_f0396747_fk_core_brigade_id; Type: FK CONSTRAINT; Schema: public; Owner: postgres
--

ALTER TABLE ONLY public.core_employee
    ADD CONSTRAINT core_employee_brigade_id_f0396747_fk_core_brigade_id FOREIGN KEY (brigade_id) REFERENCES public.core_brigade(id) DEFERRABLE INITIALLY DEFERRED;


--
-- Name: core_employee core_employee_company_id_f4c6e72d_fk_core_company_id; Type: FK CONSTRAINT; Schema: public; Owner: postgres
--

ALTER TABLE ONLY public.core_employee
    ADD CONSTRAINT core_employee_company_id_f4c6e72d_fk_core_company_id FOREIGN KEY (company_id) REFERENCES public.core_company(id) DEFERRABLE INITIALLY DEFERRED;


--
-- Name: core_equipment core_equipment_company_id_af3b9428_fk_core_company_id; Type: FK CONSTRAINT; Schema: public; Owner: postgres
--

ALTER TABLE ONLY public.core_equipment
    ADD CONSTRAINT core_equipment_company_id_af3b9428_fk_core_company_id FOREIGN KEY (company_id) REFERENCES public.core_company(id) DEFERRABLE INITIALLY DEFERRED;


--
-- Name: core_materialusage core_materialusage_construction_object__98fbe441_fk_core_cons; Type: FK CONSTRAINT; Schema: public; Owner: postgres
--

ALTER TABLE ONLY public.core_materialusage
    ADD CONSTRAINT core_materialusage_construction_object__98fbe441_fk_core_cons FOREIGN KEY (construction_object_id) REFERENCES public.core_constructionobject(id) DEFERRABLE INITIALLY DEFERRED;


--
-- Name: core_materialusage core_materialusage_material_id_d5d89859_fk_core_material_id; Type: FK CONSTRAINT; Schema: public; Owner: postgres
--

ALTER TABLE ONLY public.core_materialusage
    ADD CONSTRAINT core_materialusage_material_id_d5d89859_fk_core_material_id FOREIGN KEY (material_id) REFERENCES public.core_material(id) DEFERRABLE INITIALLY DEFERRED;


--
-- Name: core_payment core_payment_contract_id_c4b3c11d_fk_core_contract_id; Type: FK CONSTRAINT; Schema: public; Owner: postgres
--

ALTER TABLE ONLY public.core_payment
    ADD CONSTRAINT core_payment_contract_id_c4b3c11d_fk_core_contract_id FOREIGN KEY (contract_id) REFERENCES public.core_contract(id) DEFERRABLE INITIALLY DEFERRED;


--
-- Name: django_admin_log django_admin_log_content_type_id_c4bce8eb_fk_django_co; Type: FK CONSTRAINT; Schema: public; Owner: postgres
--

ALTER TABLE ONLY public.django_admin_log
    ADD CONSTRAINT django_admin_log_content_type_id_c4bce8eb_fk_django_co FOREIGN KEY (content_type_id) REFERENCES public.django_content_type(id) DEFERRABLE INITIALLY DEFERRED;


--
-- Name: django_admin_log django_admin_log_user_id_c564eba6_fk_auth_user_id; Type: FK CONSTRAINT; Schema: public; Owner: postgres
--

ALTER TABLE ONLY public.django_admin_log
    ADD CONSTRAINT django_admin_log_user_id_c564eba6_fk_auth_user_id FOREIGN KEY (user_id) REFERENCES public.auth_user(id) DEFERRABLE INITIALLY DEFERRED;


--
-- PostgreSQL database dump complete
--

\unrestrict W6tZaNtTTaXfJVQy9a4ueAwDK0WhJhZ5OMUFMBEpsfGxdZ6UWqjJJTLN01071Sd

